iter	Logloss
0	0.6405114967
1	0.5936208911
2	0.5585125056
